<?xml version="1.0" encoding="UTF-8"?>
<!DOCTYPE hibernate-configuration PUBLIC
        "-//Hibernate/Hibernate Configuration DTD 3.0//EN"
        "https://hibernate.org/dtd/hibernate-configuration-3.0.dtd">
<hibernate-configuration>
    <session-factory>
        <!-- Database connection settings -->
        <property name="hibernate.connection.driver_class">com.mysql.cj.jdbc.Driver</property>
        <property name="hibernate.connection.url">jdbc:mysql://localhost:3306/webapp_JIN</property>
        <property name="hibernate.connection.username">JIN</property>
        <property name="hibernate.connection.password">202221889</property>

        <!-- HikariCP specific settings -->
        <property name="hibernate.hikari.maximumPoolSize">10</property>
        <property name="hibernate.hikari.minimumIdle">5</property>
        <property name="hibernate.hikari.idleTimeout">300000</property>
        <property name="hibernate.hikari.maxLifetime">1800000</property>
        <property name="hibernate.hikari.connectionTimeout">30000</property>
        <property name="hibernate.hikari.poolName">MyHikariCP</property>
        
        <!-- Disable autocommit -->
        <property name="hibernate.connection.autocommit">false</property>

        <!-- Hibernate properties -->
        <property name="hibernate.dialect">org.hibernate.dialect.MySQLDialect</property>
        <property name="hibernate.hbm2ddl.auto">update</property>
        <property name="hibernate.show_sql">true</property>
        <property name="hibernate.format_sql">true</property> <!-- Formats SQL for readability -->
        <property name="hibernate.use_sql_comments">true</property> <!-- Adds comments for better tracking -->

        <!-- Entity class mappings -->
        <mapping class="kr.ac.kku.cs.wp.chuh00.user.entity.User" />
        <mapping class="kr.ac.kku.cs.wp.chuh00.user.entity.Role" />
        <mapping class="kr.ac.kku.cs.wp.chuh00.user.entity.UserRole" />
    </session-factory>
</hibernate-configuration>

<!-- /*
* 저작권 (C) 2024 최우진 202221889 모든 권리 보유.  
*  
* 이 소프트웨어는 고급웹프로그래밍 중간고사 코딩 시험 제출용입니다.  
* 이 소프트웨어는 개인적, 교육적 또는 비상업적 목적으로 자유롭게 사용할 수 있습니다.  
* 상업적 사용을 위해서는 타인의 권리를 침해하지 않도록 주의해야 합니다.  
*  
* 연락처:{ chldnwls37@naver.com }  
*  
*/ -->

<!-- /**
 * MessageException
 *
 * @author 최우진 2022-21889
 * @since 2024. 10. 24.
 * @version 1.0
 */ -->