<?xml version="1.0" encoding="UTF-8"?>
<Configuration status="INFO">
	<Properties>
		<Property name="logNm">logtest</Property>
		<Property name="layoutPattern">%d [%t] %-5level %c(%M:%L) - %m%n</Property>
	</Properties>

	<Appenders>
		<Console name="console" target="SYSTEM_OUT">
			<PatternLayout pattern="${layoutPattern}" />
		</Console>


		<RollingFile name="chuh00.log" fileName="chuh00.log"
			filePattern="/tmp/cswp/logs/202221889/chuh00-%d{yyyy-MM-dd}-%i.log.gz">
			<PatternLayout pattern="${layoutPattern}" />
			<Policies>
				<SizeBasedTriggeringPolicy size="10MB" /> <!-- 10MB 용량이 초과시 DefaultRolloverStrategy 정책만큼 넘버링 -->
				<TimeBasedTriggeringPolicy module="true"
					interval="1" /><!-- 일별 로그 파일 생성 -->
			</Policies>
			<DefaultRolloverStrategy max="5"
				fileIndex="min" /><!-- 롤링 파일 500개 까지 생성 -->
		</RollingFile>

		<RollingFile name="chuh00_info.log"
			fileName="chuh00_info.log"
			filePattern="/tmp/cswp/logs/202221889/chuh00-%d{yyyy-MM-dd}-%i_info.log.gz">
			<PatternLayout pattern="${layoutPattern}" />
			<Filters>
				<ThresholdFilter level="info" onMatch="ACCEPT"
					onMismatch="DENY" />
			</Filters>
			<Policies>
				<SizeBasedTriggeringPolicy size="10MB" /> <!-- 10MB 용량이 초과시 DefaultRolloverStrategy 정책만큼 넘버링 -->
				<TimeBasedTriggeringPolicy module="true"
					interval="1" /><!-- 일별 로그 파일 생성 -->
			</Policies>
			<DefaultRolloverStrategy max="5"
				fileIndex="min" /><!-- 롤링 파일 500개 까지 생성 -->
		</RollingFile>
	</Appenders>

	<Loggers>

		<!-- 기본 레벨은 debug -->
		<Root level="debug" additivity="false">
			<AppenderRef ref="console" />
			<AppenderRef ref="file" />
		</Root>

		<!-- 스프링 프레임워크에서 찍는건 level을 info로 설정 -->
		<logger name="org.springframework" level="info"
			additivity="false">
			<AppenderRef ref="console" />
			<AppenderRef ref="file" />
		</logger>
		<!-- 다른 기본 패키지도 설정 제어 가능하다. -->
		<logger name="org.apache.commons.digester" level="info"
			additivity="false">
			<AppenderRef ref="console" />
			<AppenderRef ref="file" />
		</logger>


		<!-- rolling file에는 debug, console에는 info 분리하여 처리 가능하다. -->
		<logger name="com.test" additivity="false">
			<AppenderRef ref="console" level="info" />
			<AppenderRef ref="file" level="debug" />
		</logger>
		<Root level="fatal">
			<AppenderRef ref="Console" />
		</Root>  <!--INFO레벨로그만별도파일에저장 -->
		<Logger name="kr.ac.kku.cs.wp.chuh00" level="debug"
			additivity="false">
			<AppenderRef ref="Console" />
		</Logger>
	</Loggers>
</Configuration>

<!-- /*
* 저작권 (C) 2024 최우진 202221889 모든 권리 보유.  
*  
* 이 소프트웨어는 고급웹프로그래밍 중간고사 코딩 시험 제출용입니다.  
* 이 소프트웨어는 개인적, 교육적 또는 비상업적 목적으로 자유롭게 사용할 수 있습니다.  
* 상업적 사용을 위해서는 타인의 권리를 침해하지 않도록 주의해야 합니다.  
*  
* 연락처:{ chldnwls37@naver.com }  
*  
*/ -->

<!-- /**
 * MessageException
 *
 * @author 최우진 2022-21889
 * @since 2024. 10. 24.
 * @version 1.0
 */ -->