<?xml version="1.0" encoding="UTF-8"?>
<!DOCTYPE configuration 
    PUBLIC "-//mybatis.org//DTD Config 3.0//EN"
    "http://mybatis.org/dtd/mybatis-3-config.dtd">

<configuration>

	<environments default="development">
		<environment id="development">
			<transactionManager type="JDBC" />
			<dataSource type="POOLED">
				<property name="driver" value="com.mysql.cj.jdbc.Driver" />
				<property name="url"
					value="jdbc:mysql://localhost:3306/webapp_JIN" />
				<property name="username" value="JIN" />
				<property name="password" value="202221889" />
			</dataSource>
		</environment>
	</environments>

	<mappers>
		<mapper resource="mapper/UserMapper.xml" />
	</mappers>
</configuration>

<!-- /*
* 저작권 (C) 2024 최우진 202221889 모든 권리 보유.  
*  
* 이 소프트웨어는 고급웹프로그래밍 중간고사 코딩 시험 제출용입니다.  
* 이 소프트웨어는 개인적, 교육적 또는 비상업적 목적으로 자유롭게 사용할 수 있습니다.  
* 상업적 사용을 위해서는 타인의 권리를 침해하지 않도록 주의해야 합니다.  
*  
* 연락처:{ chldnwls37@naver.com }  
*  
*/ -->

<!-- /**
 * MessageException
 *
 * @author 최우진 2022-21889
 * @since 2024. 10. 24.
 * @version 1.0
 */ -->