<?xml version="1.0" encoding="UTF-8"?>
<!DOCTYPE mapper PUBLIC "-//mybatis.org//DTD Mapper 3.0//EN" "http://mybatis.org/dtd/mybatis-3-mapper.dtd">
<mapper namespace="kr.ac.kku.cs.wp.chuh00.user.mapper.UserMapper">

	<!-- 유저 ID로 유저를 조회 -->
	<select id="getUserById" parameterType="String"
		resultType="kr.ac.kku.cs.wp.chuh00.user.entity.User">
		SELECT * FROM user WHERE id = #{id}
	</select>

	<!-- 모든 유저를 조회 -->
	<select id="getUsers"
		parameterType="kr.ac.kku.cs.wp.chuh00.user.entity.User"
		resultType="kr.ac.kku.cs.wp.chuh00.user.entity.User">
		SELECT * FROM user
	</select>

	<!-- 유저 ID로 유저 역할을 조회 -->
	<select id="getUserRole" parameterType="String" resultType="map">
		SELECT * FROM user_role WHERE user_id = #{id}
	</select>

	<!-- 유저 추가 -->
	<insert id="insertUser"
		parameterType="kr.ac.kku.cs.wp.chuh00.user.entity.User">
		INSERT INTO user (id, name, email, password, status)
		VALUES (#{id}, #{name}, #{email}, #{password}, #{status})
	</insert>

</mapper>

<!-- /*
* 저작권 (C) 2024 최우진 202221889 모든 권리 보유.  
*  
* 이 소프트웨어는 고급웹프로그래밍 중간고사 코딩 시험 제출용입니다.  
* 이 소프트웨어는 개인적, 교육적 또는 비상업적 목적으로 자유롭게 사용할 수 있습니다.  
* 상업적 사용을 위해서는 타인의 권리를 침해하지 않도록 주의해야 합니다.  
*  
* 연락처:{ chldnwls37@naver.com }  
*  
*/ -->

<!-- /**
 * MessageException
 *
 * @author 최우진 2022-21889
 * @since 2024. 10. 24.
 * @version 1.0
 */ -->